"id","operation","result"
"1","254.0+3252.0","3506.0"
"2","abs(-1.0)","1.0"
"3","2.0+3.0","5.0"
"4","40.0-100.0","-60.0"
"5","2.3*45.0","103.5"
"6","42.0/3.0","14.0"
"7","142.0^3.0","2863288.0"
"8","434.0/3.0","144.66667"
"9","234.0%34.0","30.0"
"10","432.0+535.0","967.0"
"11","3434.0/323.0","10.631579"
